telecommunications,Telecommunications
banking,Banking & Consumer Finance
insurance,Insurance
investment-management,Investment management
retail,Retail
strategies-for-digital-transformation,Digital transformation strategies
development-of-new-products-and-services,New product/service development
user-experience-design,User experience design
custom-application-development,Custom applications development
enterprise-application-integration,Enterprise application integration
application-management,Applicaton management
migration-and-customization,Migration and customization
business-intelligence-and-analytics,Business intelligence and analytics